{
"Titulo" : "Snow Crash",
"Serie" : "",
"Serie_num" : "", 
"Título Original" : "1992 - Snow Crash",
"Autores" : "Neal Stephenson",
"ISBN" : "9788493066352",
"Editorial" : "Gigamesh",
"Publicado" : "2000",
"Coleccion" :	"Gigamesh Ficción",
"Colecc_num" : "6",
"Formato Edición" : "Libro O (8º mayor).O2 21 cm.21'5x14'5 cm.Rústica - Solapas",
"Páginas" : "432",
"Traductor" : "Juanma Barranquero",
"Ilustrador":	"Juan Miguel Aguilera & Paco Roca",
"Primera Edición (sp)" : "Gigamesh; Barcelona (2000)",
"Genero" : "FSF.Science Fiction.Cyberpunk",
"Etiquetas" : ["JB.Hackers", "KN.Tech.Info.Ciberspace", "KN.Tech.Info.Virtual Reality"],
"Notas" : "<p>El gran best-seller ciberpunk de los noventa</p><p>Una novela desinhibida y rebosante de ideas que se ha convertido en el texto más popular de la ciencia ficción moderna.</p><p>En el futuro cercano, los americanos sólo destacan haciendo cuatro cosas: música, películas, programas... y repartir pizza en menos de treinta minutos. En el mundo real, Hiro Protagonista trabaja de repartidor para Pizzas Cosa Nostra Inc., pero en el Metaverso es un príncipe guerrero. Y en el Metaverso se enfrenta con algo aún más terrible que la posibilidad de llegar tarde a una entrega: el enigma de un virus que amenaza con provocar el infocalipsis.</p><p>Sólo en muy contadas ocasiones aparece un escritor que desafía cualquier tipo de comparación y cuya originalidad es capaz de redefinir nuestra forma de mirar el mundo. Neal Stephenson es uno de estos escritores, y Snow Crash la novela con la que ha revolucionado la ciencia ficción. Es una novela generosa, ágil y tremendamente divertida que ganó de inmediato el carácter de libro de culto en la red y saltó inevitablemente a las listas de best-sellers.</p>"
}






          