{
"Titulo" : "Ambiente",
"Serie" : "",
"Serie_num" : "", 
"Título Original" : "1987 - Ambient",
"Autores" : "Jack Womack",
"ISBN" : "9788473866095",
"Editorial" : "Ultramar",
"Publicado" : "1990",
"Coleccion" :	"Grandes Éxitos Bolsillo (Ultramar CF)",
"Colecc_num" : "107",
"Formato Edición" : "Libro oc (8º).o3 17 cm.17'5x11'5 cm.Rústica",
"Páginas" : "222",
"Traductor" : "Rafael Marín Trechera",
"Ilustrador":	"Antoni Garcés",
"Primera Edición (sp)" : "Ultramar; Bascelona (1990)",
"Genero" : "FSF.Science Fiction.Cyberpunk",
"Etiquetas" : ["JB.Security", "KN.Biology.Mutation", "SC.Classes"],
"Notas" : "<p>He aquí una parábola cruel sobre una Norteamérica que se ha vuelto loca, vista a través de los ojos de la violenta y decadente Nueva York del siglo XXI, donde el mundo de la riqueza y los altos negocios gravita sobre las bullentes y despiadadas multitudes que atestan sin ley ni concierto las calles, mientras, acechando en la sombras, se hallan los ambientes, una nueva raza surgida de un terrible accidente y a la que se han unido muchos automutilados, y que detenta una subcultura propia, con sus costumbres, su religión y su territorio. Sobre este fondo apocalíptico se desarrolla la historia de O`Malley, el guardaespaldas, Avalon, la prostituta/esclava, Dryden, el gran magnate que odia a su padre. Una historia contada al ritmo de un lenguaje futurista y particular: una mezcla de inglés victoriano, spanglish y rasta jamaicano para los ambientes, una jerga orwelliana, el «negohabla», sincopada y retorcida, para los ejecutivos, el lenguaje militar llevado hasta sus últimos extremos para el ejército... Ambiente, la opera prima de Jack Womack, ha sido considerada como la Naranja Mecánica de los ochenta, un auténtico reto.</p>"
}




          