{
"Titulo" : "Cuando Falla La Gravedad",
"Serie" : "Trilogía Cyberpunk",
"Serie_num" : "1", 
"Título Original" : "1987 - When Gravity Fails",
"Autores" : "George Alec Effinger",
"ISBN" : "9788427013698",
"Editorial" : "Martínez Roca",
"Publicado" : "1989",
"Coleccion" :	"Gran Super Ficción",
"Colecc_num" : "22",
"Formato Edición" : "Libro O (8º mayor).O2 21 cm.21'5x14'5 cm.Rústica - Solapas",
"Páginas" : "225",
"Traductor" : "Teresa Camprodón",
"Ilustrador":	"Agencia Norma & Luis Royo",
"Primera Edición (sp)" : "Martínez Roca; Barcelona (1989)",
"Genero" : "FSF.Science Fiction.Cyberpunk",
"Etiquetas" : ["HT.Civilizations.Islamic", "KN.Tech.Info.Ciberspace", "KN.Tech.Info.Virtual Reality"],
"Notas" : "<p>El Budayén, los bajos fondos de una ciudad árabe anónima, está construido al lado del cementerio, y quien se interna en sus callejones lo hace consciente del peligro que corre: ni sus habitantes -prostitutas, proxenetas y traficantes de drogas- ni la policía se preocupan demasiado si un desconocido aparece acuchillado y tirado en la esquina. Tal es el ambiente en el que se ha criado Marîd Audran, un hombretón que nunca ha necesitado llevar armas y que es respetado en su independencia.</p><p>Pero nadie podría haber imaginado la pesadilla en la que se convertiría su vida después de que un extraño muriera asesinado por alguien conectado a un módulo de James Bond...</p><p>Una novela vertiginosa, en la que se dan cita los logros de la informática, la novela negra y la ciencia ficción.</p>"
}
