{
"Titulo" : "Hardwired",
"Serie" : "",
"Serie_num" : "", 
"Título Original" : "1986 - Hardwired",
"Autores" : "Walter Jon Williams",
"ISBN" : "9788427019638",
"Editorial" : "Martínez Roca",
"Publicado" : "1995",
"Coleccion" :	"Gran Super Ficción",
"Colecc_num" : "49",
"Formato Edición" : "Libro O (8º mayor).O2 21 cm.21'5x14'5 cm.Rústica - Solapas",
"Páginas" : "317",
"Traductor" : "J. A. Bravo",
"Ilustrador":	"Agencia Norma & Luis Royo",
"Primera Edición (sp)" : "Martínez Roca; Barcelona (1995)",
"Genero" : "FSF.Science Fiction.Cyberpunk",
"Etiquetas" : ["BS.Corporations", "KN.Biotechnology", "KN.Tech.Info.Ciberspace"],
"Notas" : "<p>La Tierra está dominada por compañías; su economía y los mercados dependen de decisiones tomadas en asépticos despachos orbitales. Los antiguos gobiernos terrestres desaparecieron en medio de un conflicto bélico que desintegró por completo sus esferas de influencia. La población terrestre depende de la tecnología orbital en su lucha por la supervivencia, y en los núcleos urbanos impera la ley del más fuerte.</p><p>En medio de la anarquía reinante, dos personajes singulares luchan día a día por mantener su independencia. El Cowboy, un tanquista que se gana la vida como contrabandista a los mandos de un vehículo cibernético blindado, y Sarah, una buscona que trabaja como guardaespaldas o prostituta y que sueña con poder abandonar el pozo gravitatorio. Harwired fue una de las novelas impulsoras del movimiento cyberpunk , cuyos temas explora desprovista de cualquier pretensión formal o estilística. Su popularidad ha sido siempre muy elevada, y el paso de los años ha terminado consagrándola entre las más importantes y representativas de esta innovadora corriente.</p>"
}








          