{
"Titulo" : "Las Estaciones De La Marea",
"Serie" : "",
"Serie_num" : "", 
"Título Original" : "1991 - Stations of the Tide",
"Autores" : "Michael Swanwick",
"ISBN" : "9788427017566",
"Editorial" : "Martínez Roca",
"Publicado" : "1993",
"Coleccion" :	"Gran Super Ficción",
"Colecc_num" : "41",
"Formato Edición" : "Libro O (8º mayor).O2 21 cm.21'5x14'5 cm.Rústica - Solapas",
"Páginas" : "219",
"Traductor" : "Eduardo García Murillo",
"Ilustrador":	"Jim Burns",
"Primera Edición (sp)" : "Martínez Roca; Barcelona (1993)",
"Genero" : "FSF.Science Fiction.Cyberpunk",
"Etiquetas" : ["KN.Tech.Info.Virtual Reality", "RW.Nebula", "SP.Planets.Life"],
"Notas" : "<p>En una sociedad galáctica formada por un enorme conjunto de culturas, el acceso restringido a las tecnologías más avanzadas está controlado por el departamento de Transferencias Tecnológicas, y es uno de los principales mecanismos de gobierno.</p><p>Entre el mosaico de civilizaciones conocidas se encuentra Miranda, en un mundo sometido a estaciones de enorme duración cuya sucesión trae consigo el desplazamiento del Océano, que inunda las zonas habitadas. Al descubrirse indicios de contrabando de tecnología, un burócrata es enviado a detener a Gregorian, un brujo tan esquivo como obsesivo. Durante el proceso de investigación descubrirá un complejo entramado de intrigas de alcance insospechado, y sumamente más peligroso para su propia seguridad.</p><p>Las estaciones de la marea es una de las novelas más originales y apasionantes que ha dado la ciencia ficción en los últimos años. En ella se conjuga la capacidad de un Jack Vance para evocar culturas extratrerrestres con las más recientes innovaciones temáticas del género, incluyendo una exploración magistral de las posibilidades que ofrece la realidad virtual.</p><p>Un verdadero triunfo.</p>"
}








          