{
"Titulo" : "Neuromante",
"Serie" : "Trilogia del Sprawl",
"Serie_num" : "1", 
"Título Original" : "1984 - Neuromancer",
"Autores" : "William Gibson",
"ISBN" : "9788445076620",
"Editorial" : "Minotauro",
"Publicado" : "2007",
"Coleccion" :	"Clásicos Minotauro",
"Colecc_num" : "45",
"Formato Edición" : "Libro O (8º mayor).O1 22 cm.22x15 cm.Cartoné - Sobrecubierta",
"Páginas" : "316",
"Traductor" : "Javier Ferreira Ramos, José Arconada Rodríguez",
"Primera Edición (sp)" : "Minotauro; Barcelona (1989)",
"Genero" : "FSF.Science Fiction.Cyberpunk",
"Etiquetas" : ["KN.Tech.Info.Ciberspace",
               "KN.Tech.Info.Virtual Reality",
	       "RW.Hugo",
 	       "RW.Nebula" ],
"Notas" : "<p>Un futuro invadido por microprocesadores, en el que la información es la materia prima. Vaqueros como Henry Dorrett Case se ganan la vida hurtando información, traspasando defensas electrónicas, bloques tangibles y luminosos, como rascacielos geométricos. En este espeluznante y sombrío futuro la mayor parte del este de Norteamérica es una única y gigantesca ciudad, casi toda Europa un vertedero atómico y Japón una jungla de neón, corruptora y brillante, donde una persona es la suma de sus vicios.</p><p>William Gibson cuya primera novela El Neuromante puede llamarse la novela ciberpunk, es la llanta mas refulgente del movimiento. Epica en escala, mezcla alta tecnologia con una sensibilidad de cine negro, una especie de Homero que escribe la Odisea saliendole de microchips.</p>"
}