{
"Titulo" : "Software",
"Serie" : "",
"Serie_num" : "", 
"Título Original" : "1982 - Software",
"Autores" : "Rudy Rucker",
"ISBN" : "9788427012080",
"Editorial" : "Martínez Roca",
"Publicado" : "1988",
"Coleccion" :	"Super Ficción (2ª Época)",
"Colecc_num" : "110",
"Formato Edición" : "Libro O (8º mayor).O3 20 cm.20x12 cm.Rústica",
"Páginas" : "161",
"Traductor" : "Eduardo García Murillo",
"Ilustrador":	"Oscar Chichoni",
"Primera Edición (sp)" : "Martínez Roca; Barcelona (1988)",
"Genero" : "FSF.Science Fiction.Cyberpunk",
"Etiquetas" : ["KN.Tech.Info.Artificial Intelligence (AI)", "KN.Tech.Robots"],
"Notas" : "<p>La juventud de Cobb Anderson hace tiempo que ha quedado atrás. Ahora vive retirado y sin esperar nada más de la vida, abusando incluso del alcohol y enfrentado a la inminencia de su muerte. Pero entonces se le presenta un doble de sí mismo y le ofrece la inmortalidad en nombre de la sociedad libre de robots que habita en la Luna... Claro que en Luna la situación no está demasiado clara y la sociedad de robots atraviesa una profunda crisis...</p><p>A genius. . .A Cult hero among discriminating cyberpunkers -- -- San Diego Union-Tribune</p><p>One of cyberpunk's most inventive works -- -- Rolling Stone</p>"
}
          